text,label,,,,,
I love this app!,positive,,,,,
This app is amazing.,positive,,,,,
I hate this app.,negative,,,,,
This app is terrible.,negative,,,,,
This app makes my life easier!,positive,,,,,
I can't stand the bugs in this app.,negative,,,,,
The user interface is fantastic!,positive,,,,,
I wish this app had more features.,neutral,,,,,
This is the best app I've ever used!,positive,,,,,
It's frustrating when the app crashes.,negative,,,,,
The updates have improved the performance!,positive,,,,,
I don't like the new design.,negative,,,,,
This app is very useful for my daily tasks.,positive,,,,,
I feel overwhelmed by all the ads.,negative,,,,,
The support team is very responsive.,positive,,,,,
I'm disappointed with the latest update.,negative,,,,,
This app has changed my life for the better!,positive,,,,,
It's just not working for me.,negative,,,,,
I enjoy the customization options.,positive,,,,,
I don't understand how to use this app.,negative,,,,,
This app is a lifesaver!,positive,,,,,
The loading times are unacceptable.,negative,,,,,
I'm happy with the features offered.,positive,,,,,
The app is too complicated to navigate.,negative,,,,,
The graphics are stunning!,positive,,,,,
It crashes too often on my device.,negative,,,,,
This app is perfect for what I need!,positive,,,,,
The search function is useless.,negative,,,,,
I appreciate the regular updates!,positive,,,,,
I wish it had a dark mode option.,neutral,,,,,
I would recommend this app to my friends!,positive,,,,,
The installation process was a hassle.,negative,,,,,
I love how intuitive the design is!,positive,,,,,
I'm not impressed with the customer service.,negative,,,,,
This app is great for organizing tasks!,positive,,,,,
The app has too many features I don't need.,neutral,,,,,
I feel secure using this app for transactions.,positive,,,,,
The notifications are too frequent.,negative,,,,,
This app has a beautiful layout.,positive,,,,,
I wish it worked offline.,neutral,,,,,
This app is very reliable.,positive,,,,,
It's frustrating that it doesn't save progress.,negative,,,,,
I find the content to be very engaging!,positive,,,,,
I can't believe how slow it is sometimes.,negative,,,,,
The app is well-designed and user-friendly.,positive,,,,,
I don't like how it drains my battery.,negative,,,,,
This app helps me stay organized!,positive,,,,,
I'm tired of the glitches in this app.,negative,,,,,
The tutorials are very helpful!,positive,,,,,
I can't figure out how to contact support.,negative,,,,,
This app is a must-have for my routine!,positive,,,,,
The layout is confusing and hard to follow.,negative,,,,,
The app has an excellent selection of features.,positive,,,,,
I don't like the frequent updates.,neutral,,,,,
I'm impressed by how fast it loads!,positive,,,,,
It often gives me incorrect results.,negative,,,,,
This app keeps me motivated!,positive,,,,,
I don't see the point of some features.,neutral,,,,,
The community is very supportive!,positive,,,,,
It's a pain to get it to work on my phone.,negative,,,,,
I love the variety of content available!,positive,,,,,
I can't stand the ads that pop up.,negative,,,,,
The app is fun and engaging!,positive,,,,,
It seems to freeze for no reason.,negative,,,,,
I appreciate the user-friendly interface.,positive,,,,,
I don't trust this app with my personal data.,negative,,,,,
This app has fantastic customer reviews!,positive,,,,,
I hate how often I need to log in.,negative,,,,,
The app simplifies my workflow greatly!,positive,,,,,
The search feature is not user-friendly.,negative,,,,,
I enjoy the personalized recommendations!,positive,,,,,
It doesn't sync well with my devices.,negative,,,,,
I love the achievements feature!,positive,,,,,
The app doesn't work as described.,negative,,,,,
The community forums are very informative!,positive,,,,,
I feel like I'm wasting my time with this app.,negative,,,,,
The app has great potential!,positive,,,,,
I'm disappointed with the lack of updates.,negative,,,,,
This app is excellent for planning my day!,positive,,,,,
I find the notifications annoying.,negative,,,,,
The support team is very knowledgeable!,positive,,,,,
It crashes when I try to upload files.,negative,,,,,
The performance has improved significantly!,positive,,,,,
It's too cluttered for my taste.,negative,,,,,
I appreciate the clear instructions!,positive,,,,,
I'm frustrated by the slow response time.,negative,,,,,
This app has made my life easier!,positive,,,,,
I feel overwhelmed by the options.,negative,,,,,
I love the way it integrates with my calendar!,positive,,,,,
The frequent crashes make it unusable.,negative,,,,,
This app is my go-to for managing projects!,positive,,,,,
I don't like how it handles notifications.,negative,,,,,
The app has an intuitive layout!,positive,,,,,
I wish it could integrate with other apps.,neutral,,,,,
The user experience is fantastic!,positive,,,,,
I don't like the loading times at all.,negative,,,,,
The app has helped me stay focused!,positive,,,,,
I'm not a fan of the latest updates.,negative,,,,,
This app is excellent for tracking my habits!,positive,,,,,
It's difficult to find what I'm looking for.,negative,,,,,
I love the ability to customize my settings!,positive,,,,,
I don't see any improvements in performance.,negative,,,,,
The app is enjoyable to use!,positive,,,,,
I wish it offered better support options.,neutral,,,,,
I'm impressed by how intuitive the app is!,positive,,,,,
It's hard to navigate through the menus.,negative,,,,,
This app has helped me achieve my goals!,positive,,,,,
I feel like it could be more straightforward.,neutral,,,,,
The app is user-friendly and straightforward!,positive,,,,,
I hate the pop-up ads that interrupt my workflow.,negative,,,,,
The app makes task management a breeze!,positive,,,,,
It's frustrating to deal with the bugs.,negative,,,,,
I love the social sharing features!,positive,,,,,
I wish the app had a better onboarding process.,neutral,,,,,
The app is reliable for my needs!,positive,,,,,
It's not very intuitive for new users.,negative,,,,,
This app is perfect for tracking my fitness!,positive,,,,,
I feel like the updates are unnecessary.,neutral,,,,,
The app helps me keep track of my expenses!,positive,,,,,
I don't like how often it crashes.,negative,,,,,
This app is essential for my daily routine!,positive,,,,,
I find the layout confusing and cluttered.,negative,,,,,
The app has a great interface!,positive,,,,,
It's difficult to get help when needed.,negative,,,,,
I love how it connects with my other apps!,positive,,,,,
I don't like the long load times.,negative,,,,,
This app has great customer service!,positive,,,,,
I'm disappointed with the functionality.,negative,,,,,
The tutorials are easy to follow!,positive,,,,,
It's frustrating that it doesn't support my device.,negative,,,,,
I appreciate the flexibility it offers!,positive,,,,,
I'm not satisfied with my experience.,negative,,,,,
This app has improved my productivity!,positive,,,,,
I feel the app is very limited in features.,negative,,,,,
I love the sleek design!,positive,,,,,
It's frustrating when it doesn't work as expected.,negative,,,,,
The app provides great value for money!,positive,,,,,
I'm disappointed that it lacks certain features.,negative,,,,,
This app is an essential tool for my business!,positive,,,,,
I don't trust the app with sensitive information.,negative,,,,,
I find it very helpful for my studies!,positive,,,,,
It's annoying when the app lags.,negative,,,,,
The customer support is top-notch!,positive,,,,,
The app's performance needs improvement.,negative,,,,,
I love the community aspect of this app!,positive,,,,,
It's frustrating when it crashes during use.,negative,,,,,
This app makes it easy to stay connected!,positive,,,,,
I feel it doesn't cater to my needs well.,negative,,,,,
The app has a lot of potential for improvement!,positive,,,,,
I'm not happy with the user experience.,negative,,,,,
I appreciate the quick load times!,positive,,,,,
It's disappointing that it lacks basic features.,negative,,,,,
I find it easy to use for my projects!,positive,,,,,
The app is often slow to respond.,negative,,,,,
I love the updates that keep improving it!,positive,,,,,
I don't like the limited functionality.,negative,,,,,
This app has been a great addition to my workflow!,positive,,,,,
I feel overwhelmed with the information presented.,negative,,,,,
The app is fantastic for managing my schedule!,positive,,,,,
I wish it could support multiple languages.,neutral,,,,,
The app is well-organized and efficient!,positive,,,,,
It often fails to deliver notifications.,negative,,,,,
This app is perfect for my needs!,positive,,,,,
I don't find it very engaging.,negative,,,,,
The app has helped me improve my habits!,positive,,,,,
I wish it would remember my preferences.,neutral,,,,,
I love how it integrates with my calendar!,positive,,,,,
I hate the constant reminders.,negative,,,,,
This app has made a big difference in my life!,positive,,,,,
I feel like the interface needs a redesign.,negative,,,,,
I'm impressed with how user-friendly it is!,positive,,,,,
It's frustrating that it crashes often.,negative,,,,,
I love the daily summaries it provides!,positive,,,,,
I'm not a fan of the ad placement.,negative,,,,,
This app has been very reliable for me!,positive,,,,,
I don't like how it handles data privacy.,negative,,,,,
The design is clean and attractive!,positive,,,,,
I feel it lacks depth in features.,negative,,,,,
I love the progress tracking feature!,positive,,,,,
I'm disappointed with the lack of customization.,negative,,,,,
This app is great for learning new skills!,positive,,,,,
It needs to improve its loading speeds.,negative,,,,,
I appreciate the ability to set reminders!,positive,,,,,
I'm frustrated with the app's limitations.,negative,,,,,
This app makes studying much easier!,positive,,,,,
I wish it had more integrations with other tools.,neutral,,,,,
The app is fun and engaging to use!,positive,,,,,
I can't get past the login screen.,negative,,,,,
I find the user experience to be top-notch!,positive,,,,,
I wish it had a better feedback system.,neutral,,,,,
This app is fantastic for managing my tasks!,positive,,,,,
I'm unhappy with the response time from support.,negative,,,,,
I love how it keeps me organized!,positive,,,,,
It's frustrating when it doesn't sync properly.,negative,,,,,
The app is perfect for planning events!,positive,,,,,
I feel like the UI is outdated.,negative,,,,,
This app has amazing features!,positive,,,,,
I don't like the constant updates that break things.,negative,,,,,
I'm impressed with the user engagement!,positive,,,,,
I don't feel secure using this app.,negative,,,,,
This app has made my workflow much smoother!,positive,,,,,
I find it lacks useful features.,negative,,,,,
I love the way it presents information!,positive,,,,,
It's frustrating that it doesn't work offline.,negative,,,,,
The app has exceeded my expectations!,positive,,,,,
I wish it was easier to navigate.,negative,,,,,
I appreciate the tips and tricks it provides!,positive,,,,,
It's annoying when it crashes unexpectedly.,negative,,,,,
This app is a fantastic tool for productivity!,positive,,,,,
I feel like it's just a gimmick.,negative,,,,,
I love how it tracks my goals!,positive,,,,,
The app is not user-friendly.,negative,,,,,
I'm impressed by how much I've learned!,positive,,,,,
I can't stand the lag when using it.,negative,,,,,
I love this app!,positive,,,,,
This app is amazing.,positive,,,,,
I hate this app.,negative,,,,,
This app is terrible.,negative,,,,,
This app makes my life easier!,positive,,,,,
I can't stand the bugs in this app.,negative,,,,,
The user interface is fantastic!,positive,,,,,
I wish this app had more features.,neutral,,,,,
This is the best app I've ever used!,positive,,,,,
It's frustrating when the app crashes.,negative,,,,,
The updates have improved the performance!,positive,,,,,
I don't like the new design.,negative,,,,,
This app is very useful for my daily tasks.,positive,,,,,
I feel overwhelmed by all the ads.,negative,,,,,
The support team is very responsive.,positive,,,,,
I'm disappointed with the latest update.,negative,,,,,
This app has changed my life for the better!,positive,,,,,
It's just not working for me.,negative,,,,,
I enjoy the customization options.,positive,,,,,
I don't understand how to use this app.,negative,,,,,
This app is a lifesaver!,positive,,,,,
The loading times are unacceptable.,negative,,,,,
I'm happy with the features offered.,positive,,,,,
The app is too complicated to navigate.,negative,,,,,
The graphics are stunning!,positive,,,,,
It crashes too often on my device.,negative,,,,,
This app is perfect for what I need!,positive,,,,,
The search function is useless.,negative,,,,,
I appreciate the regular updates!,positive,,,,,
I wish it had a dark mode option.,neutral,,,,,
I would recommend this app to my friends!,positive,,,,,
The installation process was a hassle.,negative,,,,,
I love how intuitive the design is!,positive,,,,,
I'm not impressed with the customer service.,negative,,,,,
This app is great for organizing tasks!,positive,,,,,
The app has too many features I don't need.,neutral,,,,,
I feel secure using this app for transactions.,positive,,,,,
The notifications are too frequent.,negative,,,,,
This app has a beautiful layout.,positive,,,,,
I wish it worked offline.,neutral,,,,,
This app is very reliable.,positive,,,,,
It's frustrating that it doesn't save progress.,negative,,,,,
I find the content to be very engaging!,positive,,,,,
I can't believe how slow it is sometimes.,negative,,,,,
The app is well-designed and user-friendly.,positive,,,,,
I don't like how it drains my battery.,negative,,,,,
This app helps me stay organized!,positive,,,,,
I'm tired of the glitches in this app.,negative,,,,,
The tutorials are very helpful!,positive,,,,,
I can't figure out how to contact support.,negative,,,,,
This app is a must-have for my routine!,positive,,,,,
The layout is confusing and hard to follow.,negative,,,,,
The app has an excellent selection of features.,positive,,,,,
I don't like the frequent updates.,neutral,,,,,
I'm impressed by how fast it loads!,positive,,,,,
It often gives me incorrect results.,negative,,,,,
This app keeps me motivated!,positive,,,,,
I don't see the point of some features.,neutral,,,,,
The community is very supportive!,positive,,,,,
It's a pain to get it to work on my phone.,negative,,,,,
I love the variety of content available!,positive,,,,,
I can't stand the ads that pop up.,negative,,,,,
The app is fun and engaging!,positive,,,,,
It seems to freeze for no reason.,negative,,,,,
I appreciate the user-friendly interface.,positive,,,,,
I don't trust this app with my personal data.,negative,,,,,
This app has fantastic customer reviews!,positive,,,,,
I hate how often I need to log in.,negative,,,,,
The app simplifies my workflow greatly!,positive,,,,,
The search feature is not user-friendly.,negative,,,,,
I enjoy the personalized recommendations!,positive,,,,,
It doesn't sync well with my devices.,negative,,,,,
I love the achievements feature!,positive,,,,,
The app doesn't work as described.,negative,,,,,
The community forums are very informative!,positive,,,,,
I feel like I'm wasting my time with this app.,negative,,,,,
The app has great potential!,positive,,,,,
I'm disappointed with the lack of updates.,negative,,,,,
This app is excellent for planning my day!,positive,,,,,
I find the notifications annoying.,negative,,,,,
The support team is very knowledgeable!,positive,,,,,
It crashes when I try to upload files.,negative,,,,,
This is terrible.,negative,,,,,
This sucks!,negative,,,,,
How awful.,negative,,,,,
Totally gross app.,negative,,,,,
This is stupendous.,positive,,,,,
This is amazing.,positive,,,,,
"How awesome is this, I love it so much.",positive,,,,,
Iâ€™ve seen better applications. ,negative,,,,,
